<?xml version="1.0" encoding="UTF-8"?>
<!DOCTYPE plist PUBLIC "-//Apple//DTD PLIST 1.0//EN" "http://www.apple.com/DTDs/PropertyList-1.0.dtd">
<plist version="1.0">
<dict>
	<key>files</key>
	<dict>
		<key>Headers/AvailoSDKEngine-Swift.h</key>
		<data>
		fELte41l0lUmlel/Fr/DNUJHs1s=
		</data>
		<key>Headers/AvailoSDKEngine.h</key>
		<data>
		28f72WFeJkj80ps78o46sHKqe9I=
		</data>
		<key>Headers/Header.h</key>
		<data>
		YfQKOkMyzePM7oATyqfpHmCsc0E=
		</data>
		<key>Headers/UICKeyChainStore.h</key>
		<data>
		ZBr0kOidFSpo4rP06WC/GJtUyk4=
		</data>
		<key>Info.plist</key>
		<data>
		B+1odmBnjziDUqBAEHMSeRrQaIo=
		</data>
		<key>Modules/AvailoSDKEngine.swiftmodule/arm64-apple-ios.abi.json</key>
		<data>
		YSFiyxqEnARycPlpwaZWHycEX4o=
		</data>
		<key>Modules/AvailoSDKEngine.swiftmodule/arm64-apple-ios.private.swiftinterface</key>
		<data>
		4IEIc+s5TDafQzl/0QRQoaS3Z1I=
		</data>
		<key>Modules/AvailoSDKEngine.swiftmodule/arm64-apple-ios.swiftdoc</key>
		<data>
		ZW20pBEmQG49tgw665LrGRrJ7js=
		</data>
		<key>Modules/AvailoSDKEngine.swiftmodule/arm64-apple-ios.swiftinterface</key>
		<data>
		4IEIc+s5TDafQzl/0QRQoaS3Z1I=
		</data>
		<key>Modules/AvailoSDKEngine.swiftmodule/arm64-apple-ios.swiftmodule</key>
		<data>
		ivxcn4q3IKvEVwlWx2cwrR6kjcg=
		</data>
		<key>Modules/module.modulemap</key>
		<data>
		ojKZ9//Bk8pm6b1YSlryngKJBEg=
		</data>
	</dict>
	<key>files2</key>
	<dict>
		<key>Headers/AvailoSDKEngine-Swift.h</key>
		<dict>
			<key>hash2</key>
			<data>
			q7rbg6/qYU0berHiDTHYh+WQ0yFHbkVgj998qaRtHcA=
			</data>
		</dict>
		<key>Headers/AvailoSDKEngine.h</key>
		<dict>
			<key>hash2</key>
			<data>
			3VgKBF8XUL1pHQLHCZMCzDzx9WQX4SuYypKBniRMA1E=
			</data>
		</dict>
		<key>Headers/Header.h</key>
		<dict>
			<key>hash2</key>
			<data>
			iS4EeroLegprlOKwu6YQCdUTF+N137NmzLjQy4gx5ug=
			</data>
		</dict>
		<key>Headers/UICKeyChainStore.h</key>
		<dict>
			<key>hash2</key>
			<data>
			QN0tTCEu/0TRnskOOcwyGxnjxdZ5aTP3UuiOH6QIepQ=
			</data>
		</dict>
		<key>Modules/AvailoSDKEngine.swiftmodule/arm64-apple-ios.abi.json</key>
		<dict>
			<key>hash2</key>
			<data>
			UcmsJmfhgZg9EnWOlbftmglyP2yiEdqUzDlDtO2uQ0U=
			</data>
		</dict>
		<key>Modules/AvailoSDKEngine.swiftmodule/arm64-apple-ios.private.swiftinterface</key>
		<dict>
			<key>hash2</key>
			<data>
			ZTsv+NogttmKV51Z1kyc2ZcteCazYywr0xMMIYeAacQ=
			</data>
		</dict>
		<key>Modules/AvailoSDKEngine.swiftmodule/arm64-apple-ios.swiftdoc</key>
		<dict>
			<key>hash2</key>
			<data>
			7rsJIdVv1AT3wPEIquZGdCzHqgSVKLcio5uKwwOruI0=
			</data>
		</dict>
		<key>Modules/AvailoSDKEngine.swiftmodule/arm64-apple-ios.swiftinterface</key>
		<dict>
			<key>hash2</key>
			<data>
			ZTsv+NogttmKV51Z1kyc2ZcteCazYywr0xMMIYeAacQ=
			</data>
		</dict>
		<key>Modules/AvailoSDKEngine.swiftmodule/arm64-apple-ios.swiftmodule</key>
		<dict>
			<key>hash2</key>
			<data>
			/hEllVcNarSpynYMbWQDogl+iacWZrC157wgIZocfFA=
			</data>
		</dict>
		<key>Modules/module.modulemap</key>
		<dict>
			<key>hash2</key>
			<data>
			qhJuuJ/BONHI4UmKkooqmhXM05lBvXg15A0fsYEww0Y=
			</data>
		</dict>
	</dict>
	<key>rules</key>
	<dict>
		<key>^.*</key>
		<true/>
		<key>^.*\.lproj/</key>
		<dict>
			<key>optional</key>
			<true/>
			<key>weight</key>
			<real>1000</real>
		</dict>
		<key>^.*\.lproj/locversion.plist$</key>
		<dict>
			<key>omit</key>
			<true/>
			<key>weight</key>
			<real>1100</real>
		</dict>
		<key>^Base\.lproj/</key>
		<dict>
			<key>weight</key>
			<real>1010</real>
		</dict>
		<key>^version.plist$</key>
		<true/>
	</dict>
	<key>rules2</key>
	<dict>
		<key>.*\.dSYM($|/)</key>
		<dict>
			<key>weight</key>
			<real>11</real>
		</dict>
		<key>^(.*/)?\.DS_Store$</key>
		<dict>
			<key>omit</key>
			<true/>
			<key>weight</key>
			<real>2000</real>
		</dict>
		<key>^.*</key>
		<true/>
		<key>^.*\.lproj/</key>
		<dict>
			<key>optional</key>
			<true/>
			<key>weight</key>
			<real>1000</real>
		</dict>
		<key>^.*\.lproj/locversion.plist$</key>
		<dict>
			<key>omit</key>
			<true/>
			<key>weight</key>
			<real>1100</real>
		</dict>
		<key>^Base\.lproj/</key>
		<dict>
			<key>weight</key>
			<real>1010</real>
		</dict>
		<key>^Info\.plist$</key>
		<dict>
			<key>omit</key>
			<true/>
			<key>weight</key>
			<real>20</real>
		</dict>
		<key>^PkgInfo$</key>
		<dict>
			<key>omit</key>
			<true/>
			<key>weight</key>
			<real>20</real>
		</dict>
		<key>^embedded\.provisionprofile$</key>
		<dict>
			<key>weight</key>
			<real>20</real>
		</dict>
		<key>^version\.plist$</key>
		<dict>
			<key>weight</key>
			<real>20</real>
		</dict>
	</dict>
</dict>
</plist>
